歌名,文件,时长_s,原峰值_dBFS,原RMS_dBFS,动态范围_dB,低频占比_%,原满幅_%,无保护方波化_%,无保护RMS_dBFS,保护后峰值_dBFS,保护后RMS_dBFS,保护后接近满幅_%,热量增益最低点,热量保护触发,危险分,危险等级,前缀
De Natal,De Natal.mp3,178.7,0.0,-4.6,0.0,0.9,13.122,43.59,-2.3,-0.6,-8.9,0.0,0.5,是,95.1,极危,De-Natal
SEM NADA,SEM NADA.mp3,101.9,0.0,-6.4,0.1,1.5,0.533,32.683,-3.0,-0.6,-9.3,0.0,0.5,是,84.2,极危,SEM-NADA
UNICUBE!(Funk),UNICUBE!(Funk).mp3,137.2,0.0,-9.1,0.5,10.2,0.856,15.921,-4.5,-0.6,-10.3,0.0,0.5,是,83.8,极危,UNICUBE!Funk
FREQUÊNCIA,FREQUÊNCIA.mp3,177.2,0.0,-6.4,0.0,1.2,5.856,30.561,-3.2,-0.6,-9.2,0.0,0.5,是,82.4,极危,FREQUÊNCIA
MONTAGEM CORAL,MONTAGEM CORAL.mp3,145.0,0.0,-6.4,0.0,0.7,4.603,31.258,-3.2,-0.6,-9.4,0.0,0.5,是,80.6,极危,MONTAGEM-CORAL
MONTAGEM REBOLA,MONTAGEM REBOLA.mp3,216.7,0.0,-7.5,0.0,3.3,3.422,22.503,-4.0,-0.5,-10.5,0.0,0.5,是,78.0,极危,MONTAGEM-REBOLA
BATIDAO FUNK,BATIDAO FUNK.mp3,173.1,0.0,-7.2,0.9,1.5,0.044,28.312,-3.7,-0.6,-9.2,0.0,0.5,是,77.9,极危,BATIDAO-FUNK
MONTAGEM SEM PARA,MONTAGEM SEM PARA.mp3,106.2,0.0,-6.8,0.7,1.4,0.17,27.719,-3.6,-0.5,-9.7,0.0,0.5,是,76.8,极危,MONTAGEM-SEM-PARA
夜，萤火虫和你,夜，萤火虫和你.ogg,91.6,0.0,-7.5,0.0,1.7,0.789,24.487,-3.5,-0.6,-9.7,0.0,0.5,是,76.8,极危,夜，萤火虫和你
RXDXVIL-SPOOKY,RXDXVIL-SPOOKY.mp3,144.0,0.0,-7.6,7.2,6.5,0.01,27.428,-3.5,-0.7,-9.8,0.0,0.5,是,76.2,极危,SPOOKY
DANÇA DO VERÃO,DANÇA DO VERÃO.mp3,61.2,0.0,-7.5,0.2,1.8,0.001,23.179,-4.1,-0.5,-9.7,0.0,0.5,是,75.1,极危,DANÇA-DO-VERÃO
MONTAGEM ALQUIMIA,MONTAGEM ALQUIMIA.mp3,161.5,0.0,-8.0,0.0,1.6,0.152,21.639,-4.2,-0.6,-10.0,0.0,0.5,是,74.5,极危,MONTAGEM-ALQUIMIA
Marisama-ECLIPSER (Super Slowed),Marisama-ECLIPSER (Super Slowed).mp3,175.6,0.0,-7.6,4.1,2.4,1.884,24.921,-3.6,-0.6,-9.5,0.0,0.5,是,73.2,极危,Marisama-ECLIPSER-Super-Slowed
THE INVINCIBLE KING (2),THE INVINCIBLE KING (2).mp3,176.2,0.0,-9.0,0.1,2.9,0.005,17.38,-4.0,-0.7,-10.5,0.0,0.5,是,72.6,极危,THE-INVINCIBLE-KING-2
HOMAGE FUNK,HOMAGE FUNK.mp3,120.6,0.0,-8.7,1.7,3.6,2.135,17.409,-4.8,-0.6,-10.7,0.0,0.5,是,70.0,极危,HOMAGE-FUNK
NO ERA AMOR,NO ERA AMOR.mp3,189.6,0.0,-7.7,0.6,0.2,2.743,22.656,-3.8,-0.5,-10.0,0.0,0.5,是,69.9,高危,NO-ERA-AMOR
PERFECT GIRL FUNK,PERFECT GIRL FUNK.mp3,128.5,0.0,-10.2,0.0,4.3,0.17,11.957,-5.3,-0.6,-10.3,0.0,0.5,是,69.8,高危,PERFECT-GIRL-FUNK
X-COOL!,X-COOL!.mp3,116.1,0.0,-8.8,0.1,1.4,0.06,18.247,-4.4,-0.5,-9.3,0.0,0.5,是,69.7,高危,X-COOL
UNA MAS,UNA MAS.mp3,155.1,0.0,-8.1,3.6,1.2,0.021,22.703,-3.7,-0.6,-9.8,0.0,0.5,是,69.0,高危,UNA-MAS
Montagem Nada Tropica (2),Montagem Nada Tropica (2).mp3,116.7,0.0,-7.1,1.9,6.7,0.017,26.908,-3.6,-0.7,-9.9,0.0,0.5,是,64.5,高危,Montagem-Nada-Tropica-2
The invincible king,The invincible king.mp3,126.8,0.0,-9.8,0.9,1.9,0.403,13.084,-4.9,-0.6,-10.0,0.0,0.5,是,64.1,高危,The-invincible-king
郭顶-凄美地,郭顶-凄美地.mp3,250.7,0.0,-11.9,3.8,6.1,0.0,6.303,-6.7,-0.6,-11.0,0.0,0.5,是,62.1,高危,郭顶-凄美地
NO BATIDAO,NO BATIDAO.mp3,89.4,0.0,-10.5,0.0,0.9,0.026,10.784,-5.3,-0.6,-10.4,0.0,0.5,是,62.0,高危,NO-BATIDAO
OneRepublic-Good Life,OneRepublic-Good Life.mp3,253.3,0.0,-11.4,7.8,8.8,0.024,7.646,-6.2,-0.6,-10.5,0.0,0.5,是,61.8,高危,OneRepublic-Good-Life
TIKI TIKI,TIKI TIKI.mp3,170.9,0.0,-9.3,4.6,2.9,0.044,15.034,-5.3,-0.5,-10.4,0.0,0.5,是,61.7,高危,TIKI-TIKI
FAVELA,FAVELA.mp3,135.7,-0.0,-11.0,0.7,2.8,0.0,8.621,-5.7,-0.7,-11.9,0.0,0.5,是,60.5,高危,FAVELA
REVENGE,REVENGE.mp3,152.0,0.0,-9.1,11.3,1.3,0.403,17.054,-4.6,-0.6,-10.3,0.0,0.5,是,60.1,高危,REVENGE
WINTER FEELS LIKE FUNK,WINTER FEELS LIKE FUNK.mp3,133.8,0.0,-9.8,3.6,3.4,0.932,12.346,-5.6,-0.5,-10.4,0.0,0.5,是,60.1,高危,WINTER-FEELS-LIKE-FUNK
MONTAGEM CORAÇÃO,MONTAGEM CORAÇÃO.mp3,121.4,0.0,-10.6,4.6,1.1,0.0,11.007,-5.4,-0.6,-11.1,0.0,0.5,是,57.0,高危,MONTAGEM-CORAÇÃO
UNA MAS FUNK 2,UNA MAS FUNK 2.mp3,199.0,0.0,-9.0,7.7,1.0,0.803,17.055,-4.5,-0.6,-9.7,0.0,0.5,是,54.9,高危,UNA-MAS-FUNK-2
TAKEDISKRUSH,TAKEDISKRUSH.mp3,170.9,0.0,-9.8,1.4,2.4,0.0,14.75,-5.0,-0.7,-10.7,0.0,0.5,是,53.3,高危,TAKEDISKRUSH
MONTAGEM 486,MONTAGEM 486.mp3,158.8,0.0,-10.8,5.3,1.5,0.003,11.308,-5.7,-0.6,-10.4,0.0,0.5,是,44.7,高危,MONTAGEM-486
反乌托邦,反乌托邦.mp3,125.3,0.0,-12.7,7.1,0.8,0.002,3.723,-7.0,-0.6,-7.3,0.0,1.0,否,42.5,高危,反乌托邦
HEAVENLY JUMPSTYLE,HEAVENLY JUMPSTYLE.mp3,104.1,0.0,-13.6,8.9,1.0,0.018,2.72,-7.8,-0.6,-8.2,0.0,1.0,否,40.8,高危,HEAVENLY-JUMPSTYLE
糯米Nomi-调查中 (变速版),糯米Nomi-调查中 (变速版).mp3,167.8,0.0,-13.0,7.0,8.7,0.0,4.435,-7.6,-0.6,-8.3,0.0,0.5,是,37.4,中危,糯米Nomi-调查中-变速版
Montagem Nada Tropica,Montagem Nada Tropica.mp3,196.3,-0.0,-11.9,1.3,4.8,0.0,3.693,-6.0,-0.7,-11.3,0.0,0.5,是,30.9,中危,Montagem-Nada-Tropica
Luvsic,Luvsic.ogg,162.0,0.0,-16.0,6.2,10.9,0.001,0.88,-10.1,-0.6,-10.6,0.0,1.0,否,27.3,中危,Luvsic
嘉晚宁-归零（魔鬼花园）,嘉晚宁-归零（ 魔鬼花园）.mp3,151.1,-0.0,-14.5,16.7,3.2,0.0,1.923,-8.7,-0.7,-9.0,0.0,1.0,否,20.9,中危,嘉晚宁-归零魔鬼花园
王浩-异客 (cover： 杨坤丨王赫野丨王睿卓) (Live),王浩-异客 (cover： 杨坤丨王赫野丨王睿卓) (Live).mp3,227.2,-0.2,-16.4,45.4,1.3,0.0,0.826,-10.5,-0.6,-10.7,0.0,1.0,否,11.1,低危,王浩-异客-cover：-杨坤丨王赫野丨王睿卓-Live
Montagem Nada Tropica (Mashup),Montagem Nada Tropica (Mashup).mp3,130.7,-1.2,-14.5,4.5,3.8,0.0,2.342,-8.7,-0.7,-9.1,0.0,1.0,否,9.9,低危,Montagem-Nada-Tropica-Mashup
Andree Son-Montagem Nada Tropica,Andree Son-Montagem Nada Tropica.mp3,130.6,-0.6,-13.9,4.7,3.1,0.0,3.064,-8.2,-0.7,-8.6,0.0,1.0,否,9.3,低危,Andree-Son-Montagem-Nada-Tropica
UNICUBE!,UNICUBE!.mp3,168.2,-2.9,-15.5,1.7,4.5,0.0,0.138,-9.5,-1.0,-9.6,0.0,1.0,否,9.1,低危,UNICUBE
DREAM（FUNK）,DREAM（FUNK）.mp3,91.5,-0.4,-15.9,10.4,3.4,0.0,0.578,-9.9,-0.7,-10.3,0.0,1.0,否,7.9,低危,DREAMFUNK
诀别书,诀别书.mp3,150.0,-0.4,-16.7,22.3,2.5,0.0,0.381,-10.8,-0.7,-10.9,0.0,1.0,否,7.7,低危,诀别书
MI RESPIRAR,MI RESPIRAR.mp3,84.5,-0.3,-16.1,4.0,1.8,0.0,0.183,-10.1,-0.7,-10.3,0.0,1.0,否,5.6,低危,MI-RESPIRAR
Ngẫu Hứng,Ngẫu Hứng.mp3,174.2,-2.7,-14.9,9.7,1.8,0.0,1.281,-8.9,-0.8,-9.2,0.0,1.0,否,4.9,安全,Ngẫu-Hứng
查理九世,查理九世.mp3,22.5,-2.2,-17.8,31.2,1.3,0.0,0.304,-11.8,-0.8,-11.9,0.0,1.0,否,2.9,安全,查理九世
加勒比海盗,加勒比海盗.ogg,101.6,-4.2,-27.4,12.4,1.0,0.0,0.0,-21.4,-1.4,-21.4,0.0,1.0,否,2.0,安全,加勒比海盗
